identity_a,identity_b,similarity
M332,M374,0.59
M163,M183,0.45
M270,M237,0.426
M329,M355,0.4167
M254,M374,0.4083
M321,M223,0.4083
M375,M357,0.4055
M137,M151,0.39
M295,M351,0.39
M169,M190,0.3832
M169,M239,0.3788
M128,M416,0.3758
M254,M295,0.375
M155,M239,0.375
M059,M103,0.3725
M103,M151,0.3718
M127,M239,0.37
M183,M190,0.3667
M375,M127,0.3585
M059,M108,0.3584
M169,M412,0.3583
M254,M351,0.3583
M103,M102,0.3571
M163,M190,0.3556
M155,M416,0.3548
M254,M332,0.3527
M127,M270,0.3514
M185,M168,0.3498
M183,M329,0.3476
M127,M183,0.3475
M272,M151,0.3468
M149,M198,0.3464
M127,M329,0.3438
M059,M223,0.3424
M108,M198,0.3417
M235,M223,0.3417
M103,M272,0.3417
M183,M321,0.3405
M102,M304,0.34
M270,M295,0.3393
M375,M237,0.3379
M127,M149,0.3375
M347,M222,0.3363
M128,M185,0.3345
M375,M149,0.3335
M059,M102,0.3334
M108,M254,0.3321
M272,M137,0.3318
M155,M295,0.3317
M416,M321,0.3316
M103,M402,0.3303
M252,M237,0.3302
M169,M155,0.3302
M169,M163,0.3288
M103,M143,0.3284
M163,M177,0.3281
M169,M223,0.325
M223,M304,0.325
M355,M357,0.325
M231,M321,0.325
M183,M239,0.325
M108,M128,0.325
M375,M270,0.3242
M128,M239,0.3241
M143,M168,0.3233
M149,M168,0.3222
M169,M102,0.3214
M386,M304,0.32
M190,M239,0.3192
M347,M198,0.3188
M239,M374,0.3167
M155,M412,0.3167
M183,M223,0.3167
M239,M412,0.3167
M350,M365,0.3155
M102,M374,0.315
M169,M270,0.3125
M169,M402,0.3125
M169,M416,0.3115
M401,M222,0.3102
M321,M355,0.31
M102,M223,0.31
M231,M402,0.31
M383,M231,0.31
M169,M321,0.31
M183,M143,0.3092
M375,M198,0.3087
M412,M374,0.3083
M198,M386,0.3083
M412,M304,0.3083
M127,M351,0.3078
M329,M332,0.3047
M351,M102,0.3047
M402,M102,0.3047
M155,M351,0.3046
M347,M239,0.3043
M185,M350,0.3042
M383,M237,0.3042
M163,M355,0.3038
M350,M137,0.3038
M059,M137,0.3036
M128,M355,0.3031
M185,M321,0.3018
M168,M355,0.3017
M350,M345,0.3015
M235,M231,0.3013
M103,M137,0.3006
M059,M329,0.3001
M108,M374,0.3
M329,M357,0.3
M386,M153,0.3
M329,M374,0.3
M329,M223,0.3
M127,M237,0.2998
M190,M177,0.299
M059,M153,0.2986
M108,M137,0.2976
M270,M321,0.2975
M127,M304,0.2964
M401,M237,0.2964
M185,M345,0.2958
M163,M402,0.2955
M321,M262,0.2943
M270,M402,0.2938
M270,M329,0.2938
M272,M198,0.2938
M231,M223,0.2933
M143,M332,0.293
M254,M102,0.293
M128,M155,0.2929
M383,M386,0.2917
M222,M223,0.2917
M237,M416,0.2917
M190,M304,0.2917
M128,M198,0.2917
M183,M355,0.2913
M270,M239,0.2913
M108,M153,0.2913
M169,M183,0.2913
M149,M254,0.2911
M347,M231,0.2911
M401,M321,0.2911
M163,M321,0.2905
M128,M254,0.2905
M222,M231,0.2905
M347,M357,0.2901
M375,M304,0.29
M169,M375,0.2895
M401,M357,0.2887
M163,M351,0.2876
M401,M177,0.2875
M235,M383,0.2875
M375,M345,0.2871
M059,M151,0.2869
M412,M332,0.2866
M239,M332,0.2863
M351,M345,0.2861
M235,M252,0.2853
M321,M329,0.285
M252,M383,0.2847
M183,M231,0.2842
M235,M401,0.284
M235,M177,0.2839
M375,M386,0.2837
M412,M102,0.2834
M168,M321,0.2833
M386,M412,0.2833
M270,M374,0.2833
M321,M351,0.2833
M270,M412,0.2833
M270,M223,0.2833
M198,M374,0.2833
M190,M102,0.2829
M059,M270,0.2828
M059,M169,0.2828
M149,M239,0.2825
M401,M402,0.2825
M127,M155,0.2825
M185,M365,0.2822
M185,M137,0.2818
M416,M177,0.2818
M137,M168,0.281
M401,M416,0.281
M198,M231,0.281
M254,M355,0.281
M383,M183,0.2806
M103,M108,0.2806
M375,M329,0.2805
M103,M198,0.2804
M155,M190,0.2804
M295,M151,0.28
M355,M332,0.2797
M137,M345,0.2797
M155,M321,0.279
M239,M321,0.279
M270,M163,0.2788
M127,M168,0.2784
M351,M365,0.2783
M163,M412,0.2778
M375,M223,0.2773
M059,M351,0.277
M155,M102,0.2765
M416,M223,0.2762
M149,M345,0.2757
M190,M329,0.2756
M252,M222,0.2753
M151,M153,0.275
M347,M374,0.275
M304,M374,0.275
M137,M153,0.275
M183,M416,0.275
M163,M223,0.275
M128,M386,0.275
M108,M386,0.275
M155,M163,0.275
M103,M351,0.2739
M190,M143,0.2739
M231,M345,0.2727
M231,M386,0.2726
M155,M355,0.2726
M239,M329,0.2726
M137,M143,0.2722
M235,M357,0.2716
M347,M137,0.2716
M149,M374,0.2714
M149,M304,0.2714
M127,M374,0.2714
M270,M332,0.2714
M270,M102,0.2714
M270,M190,0.2707
M059,M295,0.2707
M059,M254,0.2707
M183,M237,0.2706
M347,M351,0.2701
M357,M178,0.27
M059,M374,0.2699
M102,M332,0.2699
M128,M321,0.2692
M239,M365,0.2692
M137,M365,0.2683
M143,M402,0.2683
M198,M351,0.2683
M351,M374,0.2683
M351,M412,0.2683
M235,M183,0.268
M108,M185,0.2679
M190,M321,0.2677
M190,M231,0.2677
M375,M235,0.2675
M401,M412,0.2673
M127,M190,0.2673
M137,M374,0.2667
M169,M151,0.2667
M357,M374,0.2667
M185,M304,0.2667
M386,M402,0.2667
M183,M402,0.2663
M270,M155,0.2663
M416,M262,0.2662
M252,M272,0.2659
M103,M163,0.2659
M163,M143,0.2655
M347,M402,0.2651
M127,M198,0.2651
M347,M329,0.2651
M375,M374,0.265
M345,M374,0.265
M402,M151,0.265
M223,M262,0.265
M304,M345,0.265
M375,M383,0.2648
M252,M231,0.2643
M254,M357,0.2643
M163,M222,0.2639
M108,M102,0.2638
M149,M185,0.2632
M127,M185,0.2632
M108,M168,0.2629
M128,M168,0.2629
M237,M239,0.2625
M155,M183,0.2625
M272,M345,0.2624
M190,M332,0.2624
M350,M153,0.2622
M108,M151,0.2622
M185,M355,0.2619
M375,M355,0.2617
M375,M332,0.2616
M198,M345,0.2616
M169,M222,0.2615
M108,M402,0.2614
M143,M102,0.2611
M190,M416,0.2611
M183,M304,0.2611
M149,M383,0.2605
M239,M198,0.2604
M127,M347,0.2604
M383,M163,0.2604
M270,M347,0.2603
M127,M128,0.2602
M231,M329,0.26
M231,M357,0.26
M321,M402,0.26
M295,M412,0.26
M383,M143,0.26
M321,M357,0.26
M321,M332,0.2597
M365,M345,0.2597
M108,M355,0.2593
M128,M357,0.2593
M239,M168,0.2592
M235,M329,0.2591
M127,M223,0.2591
M169,M262,0.259
M402,M412,0.2583
M383,M153,0.2583
M169,M304,0.2583
M383,M402,0.2583
M198,M357,0.2583
M235,M345,0.2583
M190,M295,0.2581
M103,M345,0.2579
M375,M102,0.2575
M375,M347,0.2575
M239,M345,0.2571
M185,M151,0.2568
M103,M153,0.2568
M185,M153,0.2568
M239,M295,0.2567
M270,M183,0.2566
M059,M402,0.2564
M235,M416,0.2562
M252,M143,0.256
M270,M351,0.256
M239,M416,0.2548
M357,M102,0.2547
M169,M231,0.2538
M270,M231,0.2538
M383,M321,0.2538
M128,M137,0.2538
M222,M329,0.2538
M149,M190,0.2535
M198,M151,0.2533
M412,M153,0.2533
M222,M198,0.2528
M155,M223,0.2528
M108,M143,0.2526
M235,M254,0.2524
M169,M198,0.2521
M383,M272,0.2519
M375,M155,0.2516
M375,M239,0.2516
M235,M237,0.2515
M149,M143,0.2513
M127,M345,0.2507
M190,M355,0.2506
M108,M239,0.2505
M383,M416,0.2505
M169,M128,0.2503
M143,M231,0.25
M270,M357,0.25
M185,M198,0.25
M386,M374,0.25
M383,M198,0.25
M169,M177,0.25
M128,M350,0.25
M383,M223,0.25
M198,M412,0.25
M143,M321,0.25
M163,M416,0.25
M329,M402,0.25
M347,M386,0.25
M169,M329,0.25
M347,M332,0.2499
M235,M262,0.2499
M321,M102,0.2495
M254,M345,0.2495
M183,M262,0.2488
M383,M239,0.2486
M375,M185,0.2486
M059,M178,0.2485
M103,M365,0.2481
M183,M168,0.2478
M239,M231,0.2478
M347,M383,0.2478
M239,M262,0.2477
M239,M355,0.2476
M155,M357,0.2476
M416,M357,0.2469
M177,M412,0.2467
M127,M102,0.2465
M401,M223,0.2464
M169,M332,0.2464
M149,M386,0.2464
M252,M262,0.2464
M127,M412,0.2464
M128,M231,0.2463
M169,M383,0.2458
M375,M321,0.2452
M375,M231,0.2452
M329,M178,0.245
M059,M304,0.2449
M163,M102,0.2447
M375,M351,0.2441
M149,M329,0.2438
M127,M357,0.2438
M149,M402,0.2438
M149,M155,0.2436
M168,M304,0.2433
M295,M374,0.2433
M347,M103,0.2432
M103,M304,0.2429
M103,M374,0.2429
M169,M103,0.2428
M103,M295,0.2427
M272,M254,0.2419
M272,M295,0.2419
M357,M223,0.2417
M355,M374,0.2417
M237,M223,0.2417
M295,M365,0.2417
M357,M386,0.2417
M177,M355,0.2417
M128,M412,0.2417
M402,M223,0.2417
M149,M351,0.2411
M163,M231,0.2405
M155,M168,0.2405
M108,M351,0.2405
M128,M295,0.2405
M108,M332,0.2405
M222,M321,0.2405
M222,M262,0.2405
M128,M351,0.2405
M347,M155,0.2404
M222,M151,0.2403
M401,M163,0.2401
M149,M128,0.2401
M127,M108,0.2401
M295,M329,0.2393
M351,M357,0.2393
M163,M295,0.2392
M401,M155,0.2392
M169,M127,0.2389
M059,M198,0.2387
M059,M375,0.2383
M347,M108,0.2381
M239,M351,0.2379
M237,M143,0.2379
M239,M350,0.2375
M252,M270,0.2375
M155,M350,0.2375
M169,M137,0.2375
M155,M177,0.237
M163,M237,0.2366
M103,M412,0.2366
M108,M155,0.2366
M237,M357,0.2364
M108,M357,0.2364
M222,M102,0.2363
M239,M223,0.2361
M350,M304,0.2361
M155,M386,0.2354
M383,M401,0.2353
M169,M347,0.2353
M401,M183,0.2352
M252,M295,0.2352
M168,M198,0.235
M168,M402,0.235
M169,M168,0.235
M351,M151,0.235
M198,M254,0.235
M168,M329,0.235
M270,M143,0.235
M137,M254,0.235
M137,M295,0.235
M127,M254,0.2349
M127,M295,0.2349
M149,M295,0.2349
M347,M143,0.2349
M237,M386,0.2347
M231,M332,0.2347
M168,M102,0.2347
M295,M102,0.2347
M401,M128,0.2345
M237,M365,0.2345
M365,M374,0.2343
M143,M304,0.2343
M375,M252,0.2341
M270,M304,0.2333
M169,M386,0.2333
M231,M351,0.2333
M198,M329,0.2333
M137,M198,0.2333
M185,M386,0.2333
M270,M103,0.233
M383,M351,0.2326
M375,M178,0.2323
M059,M127,0.2321
M190,M402,0.2318
M178,M223,0.2317
M155,M254,0.2317
M237,M321,0.2317
M237,M295,0.2316
M270,M365,0.2306
M237,M332,0.2305
M103,M321,0.2305
M347,M163,0.2301
M127,M235,0.2298
M059,M350,0.2297
M059,M347,0.2293
M347,M153,0.2291
M222,M357,0.2288
M270,M168,0.2288
M350,M231,0.2284
M128,M262,0.2281
M235,M355,0.2279
M235,M190,0.2279
M059,M272,0.2278
M127,M272,0.2271
M383,M357,0.2271
M272,M143,0.2268
M222,M332,0.2265
M163,M332,0.2265
M239,M102,0.2265
M183,M332,0.2265
M231,M153,0.2264
M375,M272,0.2263
M347,M183,0.2252
M347,M102,0.225
M347,M304,0.225
M169,M149,0.225
M347,M345,0.225
M185,M272,0.225
M183,M222,0.225
M383,M332,0.225
M252,M177,0.225
M198,M304,0.225
M169,M355,0.225
M357,M402,0.225
M270,M355,0.225
M355,M402,0.225
M169,M357,0.225
M350,M329,0.2245
M237,M272,0.2242
M235,M163,0.2242
M185,M239,0.2236
M350,M412,0.2236
M272,M351,0.2231
M239,M143,0.2228
M155,M143,0.2228
M155,M231,0.2228
M350,M254,0.2228
M321,M386,0.2226
M351,M178,0.2226
M143,M374,0.2226
M155,M402,0.2226
M321,M304,0.2226
M401,M185,0.2223
M355,M365,0.2222
M127,M416,0.2222
M149,M416,0.2222
M347,M190,0.2217
M149,M102,0.2215
M149,M347,0.2215
M402,M332,0.2214
M329,M102,0.2214
M345,M153,0.2214
M357,M332,0.2214
M345,M151,0.2214
M149,M412,0.2214
M347,M355,0.2214
M416,M231,0.2212
M347,M237,0.221
M185,M329,0.2202
M127,M231,0.2201
M149,M231,0.2201
M235,M321,0.2201
M149,M321,0.2201
M127,M321,0.2201
M178,M374,0.22
M223,M374,0.22
M235,M332,0.22
M059,M386,0.2199
M128,M345,0.2197
M163,M304,0.2194
M163,M386,0.2194
M190,M412,0.2188
M128,M183,0.2188
M222,M239,0.2188
M272,M412,0.2188
M127,M355,0.2188
M108,M183,0.2188
M149,M355,0.2188
M149,M357,0.2188
M163,M239,0.2188
M108,M350,0.2188
M185,M178,0.2179
M190,M223,0.2179
M252,M190,0.2178
M137,M102,0.2174
M270,M345,0.2173
M127,M178,0.2173
M375,M365,0.2168
M108,M412,0.2167
M177,M223,0.2167
M103,M185,0.2167
M108,M304,0.2167
M155,M198,0.2167
M239,M304,0.2167
M239,M386,0.2167
M103,M128,0.2167
M149,M103,0.2165
M127,M103,0.2165
M127,M163,0.2162
M237,M374,0.2159
M108,M295,0.2155
M059,M155,0.2155
M222,M143,0.2155
M103,M168,0.215
M252,M239,0.2147
M177,M295,0.2144
M177,M254,0.2144
M383,M185,0.2144
M169,M351,0.2143
M295,M402,0.2143
M321,M412,0.2143
M254,M329,0.2143
M295,M355,0.2143
M198,M321,0.2143
M177,M321,0.2143
M143,M198,0.2143
M103,M155,0.2139
M149,M270,0.2139
M103,M190,0.2139
M059,M185,0.2139
M252,M168,0.2139
M103,M239,0.2139
M059,M412,0.2137
M375,M254,0.2129
M237,M231,0.2129
M295,M332,0.2127
M231,M262,0.2127
M402,M153,0.2125
M128,M365,0.2124
M416,M168,0.2118
M375,M402,0.2117
M237,M355,0.2114
M155,M137,0.2114
M237,M329,0.2114
M183,M177,0.2114
M108,M345,0.2113
M183,M374,0.2111
M350,M374,0.2111
M183,M386,0.2111
M190,M350,0.2111
M222,M412,0.2111
M149,M237,0.2109
M347,M262,0.2107
M185,M416,0.2104
M254,M151,0.21
M254,M304,0.21
M169,M143,0.21
M365,M151,0.21
M365,M153,0.21
M137,M351,0.21
M295,M153,0.21
M143,M357,0.21
M351,M386,0.21
M168,M386,0.21
M168,M412,0.21
M351,M153,0.21
M143,M329,0.21
M143,M355,0.21
M143,M223,0.21
M198,M295,0.21
M351,M304,0.21
M254,M412,0.21
M231,M355,0.21
M254,M153,0.21
M375,M222,0.2098
M347,M168,0.2097
M252,M332,0.2091
M401,M102,0.2091
M270,M272,0.2091
M270,M401,0.2089
M351,M223,0.2089
M169,M401,0.2089
M375,M412,0.2087
M412,M223,0.2083
M169,M374,0.2083
M137,M178,0.2083
M168,M295,0.2083
M252,M223,0.2083
M149,M332,0.2083
M168,M365,0.2083
M198,M402,0.2083
M190,M351,0.2081
M383,M168,0.208
M169,M295,0.208
M235,M239,0.2077
M155,M345,0.2071
M163,M151,0.207
M252,M416,0.2068
M190,M357,0.2068
M272,M153,0.2068
M108,M272,0.2067
M383,M190,0.2067
M169,M108,0.2065
M270,M128,0.2065
M059,M321,0.2064
M350,M355,0.2057
M235,M272,0.2057
M332,M345,0.2057
M102,M178,0.2057
M128,M102,0.2055
M059,M345,0.2054
M252,M198,0.205
M128,M190,0.2049
M183,M412,0.2049
M401,M350,0.2049
M103,M183,0.2048
M149,M235,0.2048
M222,M178,0.2048
M183,M350,0.2047
M059,M183,0.2042
M163,M168,0.204
M350,M351,0.204
M350,M151,0.2038
M270,M222,0.2038
M163,M329,0.2038
M163,M357,0.2038
M239,M357,0.2038
M239,M402,0.2038
M237,M177,0.2038
M128,M151,0.2038
M222,M402,0.2038
M128,M153,0.2038
M183,M357,0.2038
M272,M102,0.2035
M198,M332,0.2033
M108,M262,0.2031
M235,M402,0.2029
M169,M252,0.2028
M365,M332,0.2027
M108,M321,0.2026
M155,M365,0.2026
M108,M231,0.2026
M235,M351,0.2024
M270,M198,0.2021
M183,M185,0.2021
M222,M272,0.2021
M222,M350,0.2019
M235,M178,0.2017
M375,M143,0.2014
M137,M332,0.2006
M177,M102,0.2006
M329,M262,0.2006
M059,M357,0.2001
M059,M355,0.2001
M223,M332,0.2
M198,M102,0.2
M137,M355,0.2
M127,M402,0.2
M190,M386,0.2
M177,M357,0.2
M295,M321,0.2
M190,M198,0.2
M347,M412,0.2
M190,M374,0.2
M231,M254,0.2
M272,M304,0.2
M059,M222,0.1994
M128,M223,0.1992
M272,M365,0.1989
M103,M254,0.1989
M149,M252,0.1982
M185,M295,0.1981
M401,M168,0.1981
M185,M254,0.1981
M185,M351,0.1981
M190,M168,0.1981
M347,M401,0.1979
M168,M223,0.1976
M254,M178,0.1976
M183,M351,0.1976
M365,M412,0.1976
M295,M178,0.1976
M351,M402,0.1976
M270,M383,0.1972
M295,M223,0.1972
M103,M332,0.1968
M127,M386,0.1964
M177,M262,0.1964
M185,M237,0.1964
M355,M102,0.1964
M149,M108,0.1963
M235,M295,0.1962
M347,M365,0.196
M059,M365,0.196
M375,M183,0.1959
M375,M163,0.1959
M375,M190,0.1958
M183,M151,0.1953
M185,M357,0.1952
M347,M295,0.1951
M178,M304,0.195
M383,M262,0.195
M223,M345,0.195
M127,M137,0.195
M375,M168,0.1946
M059,M128,0.1945
M155,M222,0.1938
M350,M102,0.1938
M272,M386,0.1938
M252,M402,0.1937
M252,M329,0.1937
M270,M137,0.1937
M270,M177,0.1937
M103,M350,0.1929
M103,M386,0.1929
M222,M237,0.1929
M128,M272,0.1929
M272,M178,0.1929
M237,M137,0.1928
M155,M153,0.1926
M155,M151,0.1926
M108,M329,0.1926
M347,M151,0.1924
M347,M272,0.1924
M177,M332,0.1924
M149,M178,0.1923
M155,M374,0.1917
M383,M222,0.1917
M272,M350,0.1917
M128,M304,0.1917
M128,M374,0.1917
M155,M304,0.1917
M190,M222,0.1917
M416,M386,0.1917
M350,M178,0.1917
M375,M128,0.1915
M252,M254,0.1915
M222,M295,0.1913
M401,M231,0.1911
M168,M262,0.1911
M401,M143,0.1911
M347,M321,0.1911
M295,M345,0.1911
M143,M345,0.1911
M231,M102,0.1911
M321,M345,0.1911
M237,M304,0.1909
M059,M262,0.1906
M177,M178,0.1905
M347,M416,0.1905
M351,M355,0.1893
M365,M386,0.1893
M169,M185,0.189
M272,M357,0.189
M272,M402,0.189
M149,M401,0.1889
M169,M365,0.1889
M190,M237,0.1889
M128,M163,0.1889
M401,M355,0.1887
M252,M350,0.1884
M177,M374,0.1883
M239,M254,0.1879
M143,M262,0.1877
M163,M365,0.1868
M375,M108,0.1867
M237,M262,0.1863
M183,M102,0.1863
M272,M262,0.1862
M108,M190,0.1861
M128,M178,0.1861
M222,M304,0.1861
M183,M198,0.1861
M108,M178,0.1861
M155,M185,0.1861
M401,M198,0.186
M347,M178,0.1857
M235,M374,0.1857
M168,M374,0.185
M295,M304,0.185
M365,M178,0.185
M168,M357,0.185
M254,M386,0.185
M295,M386,0.185
M185,M190,0.1847
M383,M128,0.1847
M237,M412,0.1847
M383,M108,0.1847
M416,M351,0.1838
M254,M365,0.1833
M168,M351,0.1833
M416,M304,0.1833
M412,M151,0.1833
M178,M153,0.1833
M137,M304,0.1833
M374,M153,0.1833
M178,M151,0.1833
M416,M198,0.1833
M401,M153,0.1833
M329,M304,0.1833
M329,M386,0.1833
M143,M295,0.1833
M383,M355,0.1833
M168,M231,0.1833
M103,M223,0.1833
M383,M329,0.1833
M357,M304,0.1833
M402,M374,0.1833
M304,M153,0.1833
M402,M304,0.1833
M137,M386,0.1833
M137,M412,0.1833
M355,M223,0.1833
M198,M153,0.1833
M355,M386,0.1833
M355,M304,0.1833
M127,M332,0.1833
M329,M412,0.1833
M235,M155,0.1827
M347,M350,0.1827
M401,M351,0.1827
M237,M153,0.1824
M237,M351,0.1816
M169,M237,0.1815
M350,M332,0.1811
M177,M351,0.1811
M183,M345,0.1811
M321,M178,0.1811
M235,M222,0.1805
M416,M355,0.1803
M127,M262,0.18
M169,M178,0.18
M350,M198,0.1799
M149,M177,0.1795
M235,M386,0.1795
M127,M365,0.1793
M059,M149,0.1793
M375,M401,0.179
M350,M295,0.179
M235,M151,0.1789
M272,M231,0.1789
M155,M329,0.1788
M222,M355,0.1788
M375,M137,0.1787
M183,M365,0.1784
M235,M350,0.1777
M401,M190,0.1776
M128,M237,0.1771
M149,M272,0.1771
M190,M254,0.1769
M190,M178,0.1769
M272,M168,0.1769
M108,M416,0.1769
M059,M239,0.1766
M127,M143,0.1763
M235,M143,0.1763
M347,M254,0.1763
M262,M151,0.1757
M355,M262,0.1756
M416,M254,0.1755
M272,M374,0.175
M185,M412,0.175
M383,M345,0.175
M383,M155,0.175
M177,M329,0.175
M178,M345,0.175
M386,M102,0.175
M252,M151,0.175
M177,M402,0.175
M198,M178,0.175
M252,M401,0.175
M103,M178,0.175
M137,M402,0.175
M137,M357,0.175
M127,M252,0.1746
M108,M177,0.1741
M128,M177,0.1741
M270,M416,0.174
M383,M137,0.1738
M252,M412,0.1738
M416,M345,0.1735
M169,M235,0.173
M127,M383,0.173
M059,M332,0.1727
M252,M351,0.1727
M235,M128,0.1727
M127,M222,0.1725
M149,M183,0.1725
M149,M163,0.1725
M350,M321,0.1722
M383,M103,0.1722
M190,M262,0.1718
M416,M365,0.1718
M350,M223,0.1714
M237,M168,0.1713
M416,M143,0.1712
M375,M416,0.1702
M304,M332,0.17
M386,M332,0.17
M386,M345,0.17
M347,M223,0.17
M149,M153,0.17
M149,M151,0.17
M178,M332,0.17
M127,M153,0.17
M412,M345,0.17
M149,M137,0.17
M127,M151,0.17
M237,M345,0.1698
M375,M295,0.1691
M383,M412,0.1687
M401,M137,0.1687
M237,M402,0.1676
M128,M329,0.1676
M239,M137,0.1676
M239,M153,0.1676
M270,M108,0.1676
M128,M402,0.1676
M059,M401,0.1674
M355,M345,0.1673
M401,M386,0.1673
M357,M345,0.1673
M169,M345,0.1673
M401,M103,0.1668
M183,M295,0.1663
M350,M168,0.1663
M168,M332,0.1661
M103,M237,0.1658
M401,M239,0.1656
M127,M350,0.1656
M375,M350,0.1647
M143,M412,0.1643
M143,M386,0.1643
M321,M374,0.1643
M270,M254,0.1643
M168,M151,0.1643
M168,M153,0.1643
M177,M231,0.1643
M143,M177,0.1643
M329,M351,0.1643
M295,M357,0.1643
M254,M402,0.1643
M231,M412,0.1643
M231,M374,0.1643
M231,M304,0.1643
M365,M304,0.1643
M252,M321,0.1643
M270,M185,0.164
M143,M153,0.1639
M357,M365,0.1639
M168,M178,0.1639
M155,M237,0.1639
M383,M151,0.1633
M177,M386,0.1633
M355,M178,0.1633
M177,M304,0.1633
M190,M345,0.1632
M401,M178,0.1632
M252,M345,0.1632
M103,M177,0.1627
M059,M143,0.1626
M059,M235,0.1626
M059,M231,0.1626
M237,M178,0.1625
M235,M103,0.1621
M183,M137,0.162
M163,M137,0.162
M163,M153,0.162
M350,M357,0.162
M183,M153,0.162
M222,M137,0.162
M252,M365,0.1615
M155,M332,0.1613
M163,M374,0.1611
M163,M198,0.1611
M350,M386,0.1611
M239,M272,0.1611
M127,M177,0.1607
M059,M163,0.1605
M383,M350,0.1603
M185,M223,0.1603
M190,M365,0.1601
M103,M222,0.1597
M237,M198,0.1597
M375,M103,0.1593
M169,M272,0.1591
M235,M270,0.1591
M102,M153,0.1591
M102,M151,0.1591
M198,M355,0.1583
M270,M386,0.1583
M252,M185,0.1583
M304,M151,0.1583
M374,M151,0.1583
M401,M262,0.1583
M357,M412,0.1583
M401,M332,0.1583
M416,M412,0.1583
M355,M412,0.1583
M198,M262,0.1583
M168,M254,0.1583
M386,M151,0.1583
M272,M177,0.1583
M383,M177,0.1583
M383,M254,0.1576
M383,M295,0.1576
M128,M332,0.1571
M237,M102,0.1571
M163,M262,0.1571
M252,M347,0.1562
M155,M262,0.1561
M347,M128,0.1555
M416,M402,0.1553
M103,M355,0.1553
M103,M357,0.1553
M103,M329,0.1553
M252,M374,0.155
M262,M345,0.155
M190,M272,0.1548
M235,M198,0.1545
M351,M332,0.1543
M222,M168,0.154
M108,M365,0.154
M375,M151,0.1537
M375,M153,0.1537
M185,M102,0.1535
M128,M143,0.1526
M163,M272,0.1521
M272,M223,0.1519
M351,M262,0.1519
M401,M295,0.1515
M059,M190,0.151
M169,M350,0.1508
M416,M295,0.1505
M235,M102,0.15
M383,M374,0.15
M185,M374,0.15
M357,M151,0.15
M262,M332,0.15
M252,M357,0.15
M143,M351,0.15
M127,M401,0.15
M355,M151,0.15
M355,M153,0.15
M252,M355,0.15
M143,M254,0.15
M128,M222,0.15
M412,M178,0.15
M137,M329,0.15
M329,M153,0.15
M235,M347,0.15
M222,M416,0.15
M386,M223,0.15
M254,M321,0.15
M108,M163,0.15
M169,M153,0.15
M357,M153,0.15
M386,M178,0.15
M383,M304,0.15
M231,M295,0.15
M252,M386,0.1488
M059,M383,0.1479
M059,M168,0.1477
M222,M254,0.1476
M149,M222,0.1475
M183,M272,0.1472
M416,M102,0.1468
M375,M177,0.1466
M137,M262,0.1465
M183,M178,0.1464
M190,M151,0.1452
M272,M329,0.1452
M190,M153,0.1452
M190,M137,0.1452
M401,M329,0.145
M383,M102,0.145
M185,M262,0.1446
M401,M365,0.1436
M103,M231,0.143
M252,M163,0.1426
M252,M183,0.1426
M222,M177,0.1426
M239,M151,0.1426
M332,M153,0.1423
M401,M304,0.1423
M252,M102,0.1423
M270,M262,0.1423
M329,M345,0.1423
M401,M374,0.1423
M402,M262,0.1423
M347,M177,0.1423
M402,M345,0.1423
M137,M177,0.1417
M059,M237,0.1414
M155,M178,0.1409
M416,M332,0.1404
M103,M262,0.1402
M235,M365,0.1399
M198,M365,0.1393
M169,M254,0.1393
M254,M223,0.1389
M231,M151,0.1389
M143,M151,0.1389
M168,M177,0.1389
M329,M365,0.1389
M321,M151,0.1389
M137,M231,0.1389
M137,M321,0.1389
M321,M153,0.1389
M272,M332,0.1382
M059,M177,0.1382
M252,M155,0.137
M270,M350,0.137
M350,M402,0.137
M222,M374,0.1361
M155,M272,0.1361
M222,M386,0.1361
M235,M412,0.1357
M102,M262,0.1357
M235,M304,0.1357
M252,M137,0.1354
M272,M321,0.1351
M185,M143,0.1351
M185,M231,0.1351
M401,M108,0.1345
M149,M223,0.1341
M416,M374,0.1333
M163,M185,0.1333
M252,M103,0.1329
M401,M254,0.1327
M350,M262,0.1327
M237,M254,0.1316
M350,M416,0.1313
M163,M345,0.1311
M416,M329,0.1303
M223,M153,0.13
M177,M198,0.13
M143,M365,0.13
M270,M178,0.13
M321,M365,0.13
M231,M365,0.13
M137,M223,0.13
M149,M365,0.1293
M168,M345,0.1293
M347,M185,0.1285
M350,M143,0.1284
M163,M350,0.1269
M149,M350,0.1267
M198,M223,0.125
M401,M151,0.125
M270,M153,0.125
M329,M151,0.125
M108,M222,0.125
M102,M345,0.125
M386,M262,0.125
M412,M262,0.125
M270,M151,0.125
M252,M128,0.1241
M365,M223,0.1227
M143,M178,0.1227
M231,M178,0.1227
M383,M365,0.1227
M163,M254,0.1226
M183,M254,0.1226
M222,M351,0.1226
M163,M178,0.1214
M103,M416,0.1214
M365,M102,0.121
M235,M168,0.121
M235,M153,0.1206
M235,M137,0.1206
M401,M345,0.1206
M272,M355,0.1202
M185,M402,0.1202
M059,M252,0.1194
M416,M137,0.119
M416,M151,0.119
M416,M153,0.119
M254,M262,0.1186
M295,M262,0.1186
M235,M185,0.1182
M357,M262,0.1173
M332,M151,0.1173
M383,M178,0.1167
M177,M153,0.1167
M177,M151,0.1167
M237,M350,0.1167
M252,M153,0.1167
M108,M223,0.1159
M239,M178,0.1159
M185,M177,0.1145
M375,M262,0.1144
M365,M402,0.1139
M185,M332,0.1132
M222,M153,0.112
M239,M177,0.112
M416,M178,0.1088
M365,M262,0.1085
M108,M237,0.1083
M185,M222,0.1083
M222,M345,0.1061
M402,M178,0.105
M149,M262,0.105
M252,M304,0.105
M223,M151,0.105
M235,M108,0.104
M222,M365,0.1034
M262,M304,0.1
M262,M374,0.1
M252,M108,0.0991
M237,M151,0.0991
M401,M272,0.0973
M059,M416,0.0969
M272,M416,0.0917
M262,M153,0.0882
M177,M345,0.0882
M177,M365,0.0865
M350,M177,0.0856
M252,M178,0.0821
M178,M262,0.0795
